vacancy_group,group_size,ngram,document_count,high_score_presence_rate,low_score_presence_rate,presence_rate_difference,chi2_score,chi2_p_value,mean_score_when_present,association
backend developer,9009,university certifications aws,2276,0.43063263041064204,0.07460035523978692,0.3560322751708551,1130.0552014131656,9.69700581792992e-248,47.852915202109074,higher_score
backend developer,9009,xyz university certifications,2276,0.43063263041064204,0.07460035523978692,0.3560322751708551,1130.0552014131656,9.69700581792992e-248,47.852915202109074,higher_score
backend developer,9009,university certifications,2278,0.4308546059933279,0.074822380106572,0.3560322258867559,1129.0627420333026,1.5934481160628437e-247,47.84061896400362,higher_score
backend developer,9009,xyz university,3298,0.5531631520532505,0.1789520426287724,0.3742111094244781,861.5408589361558,2.252055043066682e-189,44.45162219526978,higher_score
backend developer,9009,bachelor technology,3806,0.5922308546059663,0.25266429840141746,0.3395665562045488,614.7155701659203,1.054652234223541e-135,42.94610089332622,higher_score
backend developer,9009,education bachelor technology,3798,0.5908990011098509,0.2522202486678473,0.3386787524420036,612.7934568355798,2.761650606044745e-135,42.951599526066225,higher_score
backend developer,9009,cloud native,794,0.16270810210876802,0.013543516873889893,0.14916458523487813,568.5964245789465,1.1340513385761607e-125,50.50096347607051,higher_score
backend developer,9009,technology xyz,2304,0.3826859045504909,0.12877442273534534,0.25391148181514556,567.7738449070062,1.712248899744884e-125,44.163261718749965,higher_score
backend developer,9009,bachelor technology xyz,2303,0.382463928967805,0.12877442273534534,0.25368950623245967,567.0276612312528,2.4881880092710883e-125,44.16159574468082,higher_score
backend developer,9009,technology xyz university,2303,0.382463928967805,0.12877442273534534,0.25368950623245967,567.0276612312528,2.4881880092710883e-125,44.16159574468082,higher_score
backend developer,9009,enterprise solutions,762,0.1569367369589343,0.012211367673179409,0.14472536928575488,557.7345372076012,2.6147799009495622e-123,50.702972440944876,higher_score
backend developer,9009,scalable enterprise,760,0.15649278579356246,0.012211367673179409,0.14428141812038306,555.7767686989969,6.971400352153032e-123,50.71481578947369,higher_score
backend developer,9009,delivering scalable enterprise,758,0.15604883462819064,0.012211367673179409,0.14383746695501123,553.8192207051167,1.8584873745084775e-122,50.73310026385224,higher_score
backend developer,9009,enterprise solutions driving,758,0.15604883462819064,0.012211367673179409,0.14383746695501123,553.8192207051167,1.8584873745084775e-122,50.73310026385224,higher_score
backend developer,9009,scalable enterprise solutions,758,0.15604883462819064,0.012211367673179409,0.14383746695501123,553.8192207051167,1.8584873745084775e-122,50.73310026385224,higher_score
backend developer,9009,delivering enterprise,1304,0.23706992230854876,0.05239786856127906,0.1846720537472697,530.6619441870821,2.0274000371640375e-117,46.533799846625755,higher_score
backend developer,9009,years expertise,774,0.1536071032186456,0.01820603907637657,0.13540106414226902,480.6139493278773,1.5709047204107359e-106,49.09360465116276,higher_score
backend developer,9009,years expertise delivering,730,0.14628190899001048,0.0157637655417407,0.13051814344826979,473.4913965059303,5.5721298147005935e-105,49.488246575342444,higher_score
backend developer,9009,professional summary experienced,794,0.15582685904550472,0.020426287744227358,0.13540057130127736,468.50439390859265,6.779920960622475e-104,48.63637909319896,higher_score
backend developer,9009,expertise delivering,743,0.14739178690344004,0.01753996447602133,0.12985182242741872,460.4690679820859,3.8002667741533275e-102,49.16925975773888,higher_score
backend developer,9009,dynamic environments,2907,0.18468368479467337,0.4607015985790332,-0.2760179137843598,531.7685927042662,1.1646169200245968e-117,31.08287925696577,lower_score
backend developer,9009,skills ability,2935,0.18801331853496206,0.4635879218472392,-0.2755746033122771,525.0050167972802,3.448610406495616e-116,31.12769335604753,lower_score
backend developer,9009,professional years,791,0.016648168701442832,0.1589698046181156,-0.14232163591667277,519.5873246111933,5.203852206674661e-115,25.212756005056924,lower_score
backend developer,9009,fresher professional,410,0.0037735849056603765,0.08725577264653622,-0.08348218774087585,344.9029935797723,5.4589353155887035e-77,23.626329268292697,lower_score
backend developer,9009,fresher professional years,410,0.0037735849056603765,0.08725577264653622,-0.08348218774087585,344.9029935797723,5.4589353155887035e-77,23.626329268292697,lower_score
backend developer,9009,ability adapt,1001,0.049722530521642785,0.1725133214920052,-0.12279079097036243,305.62627872523717,1.9589888721048767e-68,27.865954045954044,lower_score
backend developer,9009,candidate hands,995,0.049722530521642785,0.17118117229129476,-0.12145864176965197,300.83401290150726,2.168047918952022e-67,27.869723618090458,lower_score
backend developer,9009,demonstrated strong,995,0.049722530521642785,0.17118117229129476,-0.12145864176965197,300.83401290150726,2.168047918952022e-67,27.86201005025126,lower_score
backend developer,9009,scalability maintainability,995,0.049722530521642785,0.17118117229129476,-0.12145864176965197,300.83401290150726,2.168047918952022e-67,27.86990452261307,lower_score
backend developer,9009,teams implementing,995,0.049722530521642785,0.17118117229129476,-0.12145864176965197,300.83401290150726,2.168047918952022e-67,27.866889447236186,lower_score
backend developer,9009,ability adapt dynamic,994,0.049722530521642785,0.17095914742450968,-0.1212366169028669,300.0367210228169,3.234231464550778e-67,27.86977364185111,lower_score
backend developer,9009,adapt dynamic,994,0.049722530521642785,0.17095914742450968,-0.1212366169028669,300.0367210228169,3.234231464550778e-67,27.86977364185111,lower_score
backend developer,9009,adapt dynamic environments,994,0.049722530521642785,0.17095914742450968,-0.1212366169028669,300.0367210228169,3.234231464550778e-67,27.86977364185111,lower_score
backend developer,9009,additionally candidate,994,0.049722530521642785,0.17095914742450968,-0.1212366169028669,300.0367210228169,3.234231464550778e-67,27.86977364185111,lower_score
backend developer,9009,additionally candidate hands,994,0.049722530521642785,0.17095914742450968,-0.1212366169028669,300.0367210228169,3.234231464550778e-67,27.86977364185111,lower_score
backend developer,9009,best coding,994,0.049722530521642785,0.17095914742450968,-0.1212366169028669,300.0367210228169,3.234231464550778e-67,27.86977364185111,lower_score
backend developer,9009,best coding practices,994,0.049722530521642785,0.17095914742450968,-0.1212366169028669,300.0367210228169,3.234231464550778e-67,27.86977364185111,lower_score
backend developer,9009,coding practices,994,0.049722530521642785,0.17095914742450968,-0.1212366169028669,300.0367210228169,3.234231464550778e-67,27.86977364185111,lower_score
backend developer,9009,coding practices optimizing,994,0.049722530521642785,0.17095914742450968,-0.1212366169028669,300.0367210228169,3.234231464550778e-67,27.86977364185111,lower_score
backend developer,9009,demonstrated strong problem,994,0.049722530521642785,0.17095914742450968,-0.1212366169028669,300.0367210228169,3.234231464550778e-67,27.86977364185111,lower_score
software engineer,6976,university certifications,1956,0.44326647564468685,0.11732644865174922,0.3259400269929376,660.7837490381925,1.0089918124085652e-145,50.752420756646266,higher_score
software engineer,6976,university certifications aws,1955,0.44297994269339747,0.11732644865174922,0.32565349404164823,659.959876268224,1.5242613489708778e-145,50.75434015345274,higher_score
software engineer,6976,xyz university certifications,1955,0.44297994269339747,0.11732644865174922,0.32565349404164823,659.959876268224,1.5242613489708778e-145,50.75434015345274,higher_score
software engineer,6976,scrum master,3052,0.6068767908309473,0.26792885829030116,0.3389479325406461,457.9670779956265,1.3313502097706715e-101,47.3063892529487,higher_score
software engineer,6976,years professional,3045,0.6051575931232106,0.2676419965576563,0.3375155965655543,455.1485939521997,5.465791518513139e-101,47.29901313628883,higher_score
software engineer,6976,certified scrum,3044,0.6048710601719212,0.2676419965576563,0.33722906361426486,454.52539707590716,7.469211820027914e-101,47.302624835742265,higher_score
software engineer,6976,certified scrum master,3044,0.6048710601719212,0.2676419965576563,0.33722906361426486,454.52539707590716,7.469211820027914e-101,47.302624835742265,higher_score
software engineer,6976,enterprise projects,3044,0.6048710601719212,0.2676419965576563,0.33722906361426486,454.52539707590716,7.469211820027914e-101,47.298391918528075,higher_score
software engineer,6976,achievements innovation,3042,0.6042979942693423,0.2676419965576563,0.336655997711686,453.2797442641344,1.394306240444966e-100,47.30076923076905,higher_score
software engineer,6976,achievements innovation excellence,3042,0.6042979942693423,0.2676419965576563,0.336655997711686,453.2797442641344,1.394306240444966e-100,47.30076923076905,higher_score
software engineer,6976,architect certified,3042,0.6042979942693423,0.2676419965576563,0.336655997711686,453.2797442641344,1.394306240444966e-100,47.30076923076905,higher_score
software engineer,6976,architect certified scrum,3042,0.6042979942693423,0.2676419965576563,0.336655997711686,453.2797442641344,1.394306240444966e-100,47.30076923076905,higher_score
software engineer,6976,architected built,3042,0.6042979942693423,0.2676419965576563,0.336655997711686,453.2797442641344,1.394306240444966e-100,47.30076923076905,higher_score
software engineer,6976,architected built scalable,3042,0.6042979942693423,0.2676419965576563,0.336655997711686,453.2797442641344,1.394306240444966e-100,47.30076923076905,higher_score
software engineer,6976,award best performer,3042,0.6042979942693423,0.2676419965576563,0.336655997711686,453.2797442641344,1.394306240444966e-100,47.30076923076905,higher_score
software engineer,6976,aws certified solutions,3042,0.6042979942693423,0.2676419965576563,0.336655997711686,453.2797442641344,1.394306240444966e-100,47.30076923076905,higher_score
software engineer,6976,built scalable platforms,3042,0.6042979942693423,0.2676419965576563,0.336655997711686,453.2797442641344,1.394306240444966e-100,47.30076923076905,higher_score
software engineer,6976,certified solutions,3042,0.6042979942693423,0.2676419965576563,0.336655997711686,453.2797442641344,1.394306240444966e-100,47.30076923076905,higher_score
software engineer,6976,certified solutions architect,3042,0.6042979942693423,0.2676419965576563,0.336655997711686,453.2797442641344,1.394306240444966e-100,47.30076923076905,higher_score
software engineer,6976,developed multiple enterprise,3042,0.6042979942693423,0.2676419965576563,0.336655997711686,453.2797442641344,1.394306240444966e-100,47.30076923076905,higher_score
software engineer,6976,exposure includes,2265,0.17736389684813605,0.47217441193344206,-0.294810515085306,466.84266813226213,1.558949677669348e-103,32.46965342163352,lower_score
software engineer,6976,professional years,717,0.022349570200573043,0.18330464716006722,-0.16095507695949418,439.5851514815043,1.3327028889402938e-97,27.39495118549511,lower_score
software engineer,6976,demonstrate strong,1861,0.1441260744985672,0.38955823293172215,-0.24543215843315494,393.79424968264055,1.2355906814789378e-87,32.409202041912955,lower_score
software engineer,6976,key technical,1829,0.14126074498567334,0.3832472748135352,-0.24198652982786187,389.51257914023614,1.0567920548831602e-86,32.431129032258035,lower_score
software engineer,6976,key technical exposure,1829,0.14126074498567334,0.3832472748135352,-0.24198652982786187,389.51257914023614,1.0567920548831602e-86,32.431129032258035,lower_score
software engineer,6976,technical exposure,1829,0.14126074498567334,0.3832472748135352,-0.24198652982786187,389.51257914023614,1.0567920548831602e-86,32.431129032258035,lower_score
software engineer,6976,technical exposure includes,1829,0.14126074498567334,0.3832472748135352,-0.24198652982786187,389.51257914023614,1.0567920548831602e-86,32.431129032258035,lower_score
software engineer,6976,summary fresher,508,0.011174785100286532,0.1345381526104409,-0.12336336751015435,364.46978407051483,2.9944547974733013e-81,27.654655511811047,lower_score
software engineer,6976,real time,1347,0.09684813753581706,0.2894434882386657,-0.19259535070284867,335.0246883716279,7.734427142168777e-75,31.327212323682254,lower_score
software engineer,6976,problem solving,1297,0.09169054441260785,0.2802639127940302,-0.18857336838142233,333.55968193858973,1.612487207983324e-74,31.19306090979183,lower_score
software engineer,6976,candidate demonstrate,1383,0.10114613180515807,0.2954675846242078,-0.19432145281904972,332.1789646497057,3.2226312006835647e-74,32.02933839479392,lower_score
software engineer,6976,fresher professional,381,0.0040114613180515755,0.10527825588066507,-0.10126679456261349,327.4627922251943,3.430843992667121e-73,25.696797900262496,lower_score
software engineer,6976,fresher professional years,381,0.0040114613180515755,0.10527825588066507,-0.10126679456261349,327.4627922251943,3.430843992667121e-73,25.696797900262496,lower_score
software engineer,6976,strong expertise,1496,0.11633237822349629,0.31267928858289945,-0.19634691035940316,313.5229665213815,3.7306447398496454e-70,32.506487299465235,lower_score
software engineer,6976,candidate demonstrate strong,1237,0.08939828080229265,0.2653471026964974,-0.17594882189420477,304.47794278539675,3.4849945638644106e-68,31.924357316087303,lower_score
software engineer,6976,collaborating cross,961,0.0613180515759314,0.2142857142857122,-0.1529676627097808,296.2297580251162,2.1837211233431357e-66,30.05446930280956,lower_score
software engineer,6976,collaborating cross functional,960,0.0613180515759314,0.21399885255306733,-0.15268080097713593,295.4271711706972,3.266343862326239e-66,30.054874999999985,lower_score
software engineer,6976,expertise practical,1458,0.11604584527220689,0.3020654044750396,-0.1860195592028327,288.74369356262537,9.338908726683327e-65,32.670565843621425,lower_score
software engineer,6976,strong problem,927,0.059598853868194995,0.2062535857716561,-0.1466547319034611,282.2703334048123,2.403577666973273e-63,29.989293419633203,lower_score
software engineer,6976,strong problem solving,920,0.059025787965616194,0.20481927710843179,-0.1457934891428156,281.08731152841085,4.351647717814875e-63,29.969706521739102,lower_score
data scientist,6511,university certifications,3080,0.7539926289926022,0.19201228878648474,0.5619803402061174,1086.7431674598424,2.513028715617808e-238,52.30148538961039,higher_score
data scientist,6511,university certifications aws,3079,0.7536855036854769,0.19201228878648474,0.5616732148989922,1085.9082375623407,3.816513160624988e-238,52.30234166937318,higher_score
data scientist,6511,xyz university certifications,3079,0.7536855036854769,0.19201228878648474,0.5616732148989922,1085.9082375623407,3.816513160624988e-238,52.30234166937318,higher_score
data scientist,6511,aws certified,3201,0.7699631449631172,0.2132104454685128,0.5567526994946044,1026.3001157278136,3.448595162113031e-225,51.800826304279916,higher_score
data scientist,6511,built scalable,3201,0.7699631449631172,0.2132104454685128,0.5567526994946044,1026.3001157278136,3.448595162113031e-225,51.79658075601376,higher_score
data scientist,6511,aws certified solutions,3200,0.769656019655992,0.2132104454685128,0.5564455741874792,1025.488503144968,5.1767012867801e-225,51.80149375,higher_score
data scientist,6511,best performer,3200,0.769656019655992,0.2132104454685128,0.5564455741874792,1025.488503144968,5.1767012867801e-225,51.79947812500001,higher_score
data scientist,6511,certifications aws,3200,0.769656019655992,0.2132104454685128,0.5564455741874792,1025.488503144968,5.1767012867801e-225,51.80149375,higher_score
data scientist,6511,certifications aws certified,3200,0.769656019655992,0.2132104454685128,0.5564455741874792,1025.488503144968,5.1767012867801e-225,51.80149375,higher_score
data scientist,6511,certified solutions,3200,0.769656019655992,0.2132104454685128,0.5564455741874792,1025.488503144968,5.1767012867801e-225,51.80149375,higher_score
data scientist,6511,certified solutions architect,3200,0.769656019655992,0.2132104454685128,0.5564455741874792,1025.488503144968,5.1767012867801e-225,51.80149375,higher_score
data scientist,6511,achievements innovation,3199,0.7693488943488667,0.2132104454685128,0.5561384488803538,1024.6770081490504,7.77031407382857e-225,51.80198812128791,higher_score
data scientist,6511,achievements innovation excellence,3199,0.7693488943488667,0.2132104454685128,0.5561384488803538,1024.6770081490504,7.77031407382857e-225,51.80198812128791,higher_score
data scientist,6511,architect certified,3199,0.7693488943488667,0.2132104454685128,0.5561384488803538,1024.6770081490504,7.77031407382857e-225,51.80198812128791,higher_score
data scientist,6511,architect certified scrum,3199,0.7693488943488667,0.2132104454685128,0.5561384488803538,1024.6770081490504,7.77031407382857e-225,51.80198812128791,higher_score
data scientist,6511,architected built,3199,0.7693488943488667,0.2132104454685128,0.5561384488803538,1024.6770081490504,7.77031407382857e-225,51.80198812128791,higher_score
data scientist,6511,architected built scalable,3199,0.7693488943488667,0.2132104454685128,0.5561384488803538,1024.6770081490504,7.77031407382857e-225,51.80198812128791,higher_score
data scientist,6511,award best performer,3199,0.7693488943488667,0.2132104454685128,0.5561384488803538,1024.6770081490504,7.77031407382857e-225,51.80198812128791,higher_score
data scientist,6511,built scalable platforms,3199,0.7693488943488667,0.2132104454685128,0.5561384488803538,1024.6770081490504,7.77031407382857e-225,51.80198812128791,higher_score
data scientist,6511,developed multiple,3199,0.7693488943488667,0.2132104454685128,0.5561384488803538,1024.6770081490504,7.77031407382857e-225,51.80198812128791,higher_score
data scientist,6511,exposure includes,2603,0.17414004914005,0.6254992319508558,-0.4513591828108058,829.4797460731425,2.1026978836600036e-182,32.439660007683315,lower_score
data scientist,6511,demonstrate strong,2183,0.14619164619164618,0.5244239631336495,-0.3782323169420033,694.542649785379,4.5967132944825897e-153,32.3939257901969,lower_score
data scientist,6511,key technical,2158,0.1486486486486487,0.514285714285723,-0.3656370656370743,656.5750548377052,8.301895873294307e-145,32.44918211306755,lower_score
data scientist,6511,key technical exposure,2158,0.1486486486486487,0.514285714285723,-0.3656370656370743,656.5750548377052,8.301895873294307e-145,32.44918211306755,lower_score
data scientist,6511,technical exposure,2158,0.1486486486486487,0.514285714285723,-0.3656370656370743,656.5750548377052,8.301895873294307e-145,32.44918211306755,lower_score
data scientist,6511,technical exposure includes,2158,0.1486486486486487,0.514285714285723,-0.3656370656370743,656.5750548377052,8.301895873294307e-145,32.44918211306755,lower_score
data scientist,6511,professional years,939,0.023648648648648643,0.2648233486943203,-0.24117470004567165,656.4978240475278,8.629252986672992e-145,28.273674121405797,lower_score
data scientist,6511,bachelor degree,1778,0.1102579852579848,0.4359447004608367,-0.3256867152028519,632.2716664303973,1.6023453316119199e-139,31.295084364454354,lower_score
data scientist,6511,education bachelor degree,1769,0.1099508599508595,0.4334869431643697,-0.3235360832135102,627.1233960819345,2.1108558929956427e-138,31.285814019219806,lower_score
data scientist,6511,real time,1711,0.10380835380835345,0.42181259600615134,-0.3180042421977979,626.3992176918349,3.033625935779122e-138,31.750526008182273,lower_score
data scientist,6511,problem solving,1549,0.09183046683046664,0.38402457757297087,-0.29219411074250423,584.153372119034,4.6842845074292824e-129,31.35557456423489,lower_score
data scientist,6511,strong expertise,1758,0.11486486486486434,0.4251920122887935,-0.31032714742392914,580.571960344453,2.816228041483265e-128,32.32331058020476,lower_score
data scientist,6511,cross functional,1992,0.1409705159705158,0.4709677419354918,-0.329997225964976,579.3841807638337,5.105450486469863e-128,32.74660642570276,lower_score
data scientist,6511,expertise practical,1707,0.11670761670761616,0.40768049155146596,-0.2909728748438498,525.6623568353484,2.481040600405115e-116,32.69465729349732,lower_score
data scientist,6511,skills ability,1289,0.07278869778869787,0.32319508448541207,-0.2504063866967142,515.5529482602815,3.927035302409701e-114,31.175279286268374,lower_score
data scientist,6511,candidate demonstrate,1626,0.1093366093366089,0.3901689708141384,-0.28083236147752955,514.0544838622449,8.319205352834111e-114,32.601377613776094,lower_score
data scientist,6511,summary fresher,674,0.01320638820638822,0.193855606758835,-0.18064921855244678,513.1539391886823,1.30620670799365e-113,28.450163204747827,lower_score
data scientist,6511,dynamic environments,1268,0.07186732186732196,0.31766513056836126,-0.2457978087010393,504.97764100291056,7.851392529795344e-112,31.175047318611934,lower_score
data scientist,6511,demonstrate strong expertise,1528,0.10073710073710042,0.368663594470052,-0.2679264937329516,497.9014100420957,2.7200883708563207e-110,32.407401832460714,lower_score
data scientist,6511,strong problem,1201,0.06572481572481591,0.3032258064516175,-0.2375009907268016,497.76371253988543,2.914361822672072e-110,30.89797252289754,lower_score
ai engineer,6260,university certifications aws,2979,0.7734225621414849,0.176809737347853,0.5966128247936319,1170.578394987304,1.5118224873421087e-256,51.760365894595424,higher_score
ai engineer,6260,xyz university certifications,2979,0.7734225621414849,0.176809737347853,0.5966128247936319,1170.578394987304,1.5118224873421087e-256,51.760365894595424,higher_score
ai engineer,6260,university certifications,2980,0.7734225621414849,0.17713004484304837,0.5962925172984365,1168.9294301019102,3.450440642131274e-256,51.75130704697978,higher_score
ai engineer,6260,aws certified,3187,0.7922243467176479,0.2245355541319641,0.5676887925856837,990.6595152683096,1.925573508653599e-217,50.73210542830231,higher_score
ai engineer,6260,best performer,3187,0.7922243467176479,0.2245355541319641,0.5676887925856837,990.6595152683096,1.925573508653599e-217,50.730760903671,higher_score
ai engineer,6260,developed multiple,3187,0.7922243467176479,0.2245355541319641,0.5676887925856837,990.6595152683096,1.925573508653599e-217,50.73151082522732,higher_score
ai engineer,6260,built scalable,3189,0.7925430210324981,0.22485586162715948,0.5676871594053385,990.0325208983602,2.6354052152175098e-217,50.72355440576966,higher_score
ai engineer,6260,achievements innovation,3186,0.7919056724027976,0.2245355541319641,0.5673701182708335,989.8581987571906,2.8756705791589985e-217,50.73318738229739,higher_score
ai engineer,6260,achievements innovation excellence,3186,0.7919056724027976,0.2245355541319641,0.5673701182708335,989.8581987571906,2.8756705791589985e-217,50.73318738229739,higher_score
ai engineer,6260,architect certified,3186,0.7919056724027976,0.2245355541319641,0.5673701182708335,989.8581987571906,2.8756705791589985e-217,50.73318738229739,higher_score
ai engineer,6260,architect certified scrum,3186,0.7919056724027976,0.2245355541319641,0.5673701182708335,989.8581987571906,2.8756705791589985e-217,50.73318738229739,higher_score
ai engineer,6260,architected built,3186,0.7919056724027976,0.2245355541319641,0.5673701182708335,989.8581987571906,2.8756705791589985e-217,50.73318738229739,higher_score
ai engineer,6260,architected built scalable,3186,0.7919056724027976,0.2245355541319641,0.5673701182708335,989.8581987571906,2.8756705791589985e-217,50.73318738229739,higher_score
ai engineer,6260,award best performer,3186,0.7919056724027976,0.2245355541319641,0.5673701182708335,989.8581987571906,2.8756705791589985e-217,50.73318738229739,higher_score
ai engineer,6260,aws certified solutions,3186,0.7919056724027976,0.2245355541319641,0.5673701182708335,989.8581987571906,2.8756705791589985e-217,50.73318738229739,higher_score
ai engineer,6260,built scalable platforms,3186,0.7919056724027976,0.2245355541319641,0.5673701182708335,989.8581987571906,2.8756705791589985e-217,50.73318738229739,higher_score
ai engineer,6260,certifications aws,3186,0.7919056724027976,0.2245355541319641,0.5673701182708335,989.8581987571906,2.8756705791589985e-217,50.73318738229739,higher_score
ai engineer,6260,certifications aws certified,3186,0.7919056724027976,0.2245355541319641,0.5673701182708335,989.8581987571906,2.8756705791589985e-217,50.73318738229739,higher_score
ai engineer,6260,certified scrum,3186,0.7919056724027976,0.2245355541319641,0.5673701182708335,989.8581987571906,2.8756705791589985e-217,50.73318738229739,higher_score
ai engineer,6260,certified scrum master,3186,0.7919056724027976,0.2245355541319641,0.5673701182708335,989.8581987571906,2.8756705791589985e-217,50.73318738229739,higher_score
ai engineer,6260,exposure includes,2400,0.14499681325685054,0.6229980781550449,-0.4780012648981944,932.6800514131976,7.721638446953189e-205,29.692147916666656,lower_score
ai engineer,6260,demonstrate strong,2050,0.12109623964308401,0.5349135169763087,-0.4138172773332247,818.3690848958911,5.474538538318231e-180,29.48703414634149,lower_score
ai engineer,6260,key technical,1985,0.12492033142128665,0.5102498398462626,-0.38532950842497593,732.8074295210715,2.1965597629969277e-161,29.807720403022685,lower_score
ai engineer,6260,key technical exposure,1985,0.12492033142128665,0.5102498398462626,-0.38532950842497593,732.8074295210715,2.1965597629969277e-161,29.807720403022685,lower_score
ai engineer,6260,technical exposure,1985,0.12492033142128665,0.5102498398462626,-0.38532950842497593,732.8074295210715,2.1965597629969277e-161,29.807720403022685,lower_score
ai engineer,6260,technical exposure includes,1985,0.12492033142128665,0.5102498398462626,-0.38532950842497593,732.8074295210715,2.1965597629969277e-161,29.807720403022685,lower_score
ai engineer,6260,professional years,847,0.013384321223709377,0.25784753363228397,-0.24446321240857458,691.2409468350902,2.4012361291553698e-152,25.316959858323525,lower_score
ai engineer,6260,strong expertise,1640,0.09528362014021617,0.4295323510570207,-0.3342487309168045,667.3928105399564,3.686324364049834e-147,29.501844512195134,lower_score
ai engineer,6260,cross functional,1921,0.12906309751433953,0.48558616271621646,-0.35652306520187693,648.2368813591626,5.402011752635462e-143,30.49369599167105,lower_score
ai engineer,6260,expertise practical,1606,0.09496494582536595,0.41896220371557236,-0.3239972578902064,640.3581868852204,2.7927978241913795e-141,29.59305728518059,lower_score
ai engineer,6260,problem solving,1426,0.07743785850860384,0.3789237668161468,-0.30148590830754296,624.4538503958025,8.036490880076188e-138,28.430003506311333,lower_score
ai engineer,6260,real time,1522,0.08954748247291221,0.39750160153748026,-0.30795411906456804,610.4403326668396,8.973789807898971e-135,29.136212220762136,lower_score
ai engineer,6260,demonstrate strong expertise,1457,0.08285532186105758,0.3834080717488825,-0.3005527498878249,607.3900845924452,4.1344054440616046e-134,29.38679821551132,lower_score
ai engineer,6260,bachelor degree,1664,0.10611854684512366,0.42632927610506666,-0.320210729259943,603.6765075999654,2.655421152895237e-133,29.547016225961514,lower_score
ai engineer,6260,education bachelor degree,1659,0.10611854684512366,0.42472773862908964,-0.31860919178396596,599.4542640658011,2.200396927077006e-132,29.55348402652198,lower_score
ai engineer,6260,summary fresher,640,0.005098789037603567,0.1998718770019201,-0.19477308796431653,580.7159617656148,2.620261513437612e-128,25.43627343750004,lower_score
ai engineer,6260,candidate demonstrate,1491,0.09432759719566551,0.38276745675849166,-0.28843985956282614,546.6618231206596,6.7016727539324545e-121,29.87832997987929,lower_score
ai engineer,6260,skills ability,1272,0.07106437221159943,0.33600256245996263,-0.2649381902483632,540.6147085914128,1.3858112772818536e-119,28.987975628930826,lower_score
ai engineer,6260,cid 127,1536,0.10070108349266992,0.3907751441383768,-0.29007406064570684,536.6762930569286,9.965567610689025e-119,30.466461588541723,lower_score
ai engineer,6260,dynamic environments,1258,0.07074569789674921,0.33183856502242237,-0.26109286712567314,530.878590886234,1.8188920055159308e-117,28.96893084260732,lower_score
devops engineer,6209,university certifications,2482,0.671497584541054,0.1278994845360821,0.5435981000049719,1147.459590504268,1.5995930832541995e-251,51.983535455278115,higher_score
devops engineer,6209,university certifications aws,2481,0.6711755233494276,0.1278994845360821,0.5432760388133455,1146.5622919406292,2.506253536567161e-251,51.98248690044349,higher_score
devops engineer,6209,xyz university certifications,2481,0.6711755233494276,0.1278994845360821,0.5432760388133455,1146.5622919406292,2.506253536567161e-251,51.98248690044349,higher_score
devops engineer,6209,years professional,2710,0.6966183574879106,0.17622422680412317,0.5203941306837874,963.1164609390463,1.8688252314267014e-211,50.634245387453944,higher_score
devops engineer,6209,aws certified,2704,0.6953301127214051,0.17557989690721595,0.5197502158141891,962.8662993085982,2.1181020951979254e-211,50.66492048816575,higher_score
devops engineer,6209,enterprise projects,2704,0.6953301127214051,0.17557989690721595,0.5197502158141891,962.8662993085982,2.1181020951979254e-211,50.65610761834327,higher_score
devops engineer,6209,scrum master,2704,0.6953301127214051,0.17557989690721595,0.5197502158141891,962.8662993085982,2.1181020951979254e-211,50.66492048816575,higher_score
devops engineer,6209,projects developed,2706,0.6956521739130315,0.17590206185566956,0.5197501120573619,962.1542623171179,3.0249908483349577e-211,50.64847930524766,higher_score
devops engineer,6209,achievements innovation,2703,0.6950080515297787,0.17557989690721595,0.5194281546225628,962.0291763479889,3.2204333252398157e-211,50.66052534221243,higher_score
devops engineer,6209,achievements innovation excellence,2703,0.6950080515297787,0.17557989690721595,0.5194281546225628,962.0291763479889,3.2204333252398157e-211,50.66052534221243,higher_score
devops engineer,6209,architect certified,2703,0.6950080515297787,0.17557989690721595,0.5194281546225628,962.0291763479889,3.2204333252398157e-211,50.66052534221243,higher_score
devops engineer,6209,architect certified scrum,2703,0.6950080515297787,0.17557989690721595,0.5194281546225628,962.0291763479889,3.2204333252398157e-211,50.66052534221243,higher_score
devops engineer,6209,architected built,2703,0.6950080515297787,0.17557989690721595,0.5194281546225628,962.0291763479889,3.2204333252398157e-211,50.66052534221243,higher_score
devops engineer,6209,architected built scalable,2703,0.6950080515297787,0.17557989690721595,0.5194281546225628,962.0291763479889,3.2204333252398157e-211,50.66052534221243,higher_score
devops engineer,6209,award best,2703,0.6950080515297787,0.17557989690721595,0.5194281546225628,962.0291763479889,3.2204333252398157e-211,50.66052534221243,higher_score
devops engineer,6209,award best performer,2703,0.6950080515297787,0.17557989690721595,0.5194281546225628,962.0291763479889,3.2204333252398157e-211,50.66052534221243,higher_score
devops engineer,6209,aws certified solutions,2703,0.6950080515297787,0.17557989690721595,0.5194281546225628,962.0291763479889,3.2204333252398157e-211,50.66052534221243,higher_score
devops engineer,6209,best performer,2703,0.6950080515297787,0.17557989690721595,0.5194281546225628,962.0291763479889,3.2204333252398157e-211,50.66052534221243,higher_score
devops engineer,6209,built scalable,2703,0.6950080515297787,0.17557989690721595,0.5194281546225628,962.0291763479889,3.2204333252398157e-211,50.66052534221243,higher_score
devops engineer,6209,built scalable platforms,2703,0.6950080515297787,0.17557989690721595,0.5194281546225628,962.0291763479889,3.2204333252398157e-211,50.66052534221243,higher_score
devops engineer,6209,exposure includes,2652,0.2093397745571687,0.6449742268041215,-0.43563445224695285,689.6904855009805,5.219146392058339e-152,31.339292986425292,lower_score
devops engineer,6209,professional years,924,0.025442834138486286,0.2722293814432981,-0.24678654730481184,635.2640950686393,3.5804401004130185e-140,26.420681818181833,lower_score
devops engineer,6209,key technical,2161,0.169082125603866,0.5270618556701013,-0.3579797300662353,571.5384104951106,2.5981955788482463e-126,31.31179315131882,lower_score
devops engineer,6209,key technical exposure,2161,0.169082125603866,0.5270618556701013,-0.3579797300662353,571.5384104951106,2.5981955788482463e-126,31.31179315131882,lower_score
devops engineer,6209,technical exposure,2161,0.169082125603866,0.5270618556701013,-0.3579797300662353,571.5384104951106,2.5981955788482463e-126,31.31179315131882,lower_score
devops engineer,6209,technical exposure includes,2161,0.169082125603866,0.5270618556701013,-0.3579797300662353,571.5384104951106,2.5981955788482463e-126,31.31179315131882,lower_score
devops engineer,6209,summary fresher,691,0.011594202898550733,0.21101804123711274,-0.199423838338562,554.7015910646974,1.1945679777182167e-122,26.817134587554317,lower_score
devops engineer,6209,demonstrate strong,2220,0.17906602254428508,0.5360824742268023,-0.3570164516825173,553.3587750128731,2.3405832434807077e-122,31.468527027027005,lower_score
devops engineer,6209,real time,1712,0.12012882447665015,0.43137886597938,-0.3112500415027299,545.3789767815516,1.2742601006346307e-120,30.180896612149503,lower_score
devops engineer,6209,problem solving,1571,0.10756843800322025,0.3985180412371121,-0.29094960323389185,519.3291145504247,5.922459275021363e-115,29.80385105028642,lower_score
devops engineer,6209,strong expertise,1797,0.1375201288244767,0.44136597938144184,-0.3038458505569651,495.1557875886168,1.0764238552837905e-109,31.304866444073475,lower_score
devops engineer,6209,skills ability,1398,0.09436392914653753,0.35599226804123596,-0.26162833889469844,471.89536682757193,1.2397233647986126e-104,29.895786838340463,lower_score
devops engineer,6209,cross functional,2171,0.1867954911433192,0.512564432989689,-0.32576894184636984,471.1322656048012,1.81710519081505e-104,32.09677337632428,lower_score
devops engineer,6209,dynamic environments,1374,0.09178743961352627,0.35083762886597825,-0.259050189252452,470.72190884828626,2.2319082073265333e-104,29.82860989810771,lower_score
devops engineer,6209,bachelor degree,1876,0.15297906602254494,0.45135309278350366,-0.2983740267609587,457.37509628285113,1.791097241186612e-101,31.117750533049026,lower_score
devops engineer,6209,expertise practical,1711,0.13333333333333322,0.4178479381443285,-0.28451460481099533,455.9764750296746,3.6098409609284065e-101,31.286393921683253,lower_score
devops engineer,6209,education bachelor degree,1865,0.15201288244766567,0.4487757731958748,-0.29676289074820916,455.1176378399712,5.5512374191652905e-101,31.118160857908833,lower_score
devops engineer,6209,fresher professional,500,0.0045088566827697265,0.15657216494845314,-0.1520633082656834,445.7200618963427,6.159682575230831e-99,24.906180000000038,lower_score
devops engineer,6209,fresher professional years,500,0.0045088566827697265,0.15657216494845314,-0.1520633082656834,445.7200618963427,6.159682575230831e-99,24.906180000000038,lower_score
devops engineer,6209,problem solving skills,1210,0.07665056360708511,0.3131443298969062,-0.2364937662898211,445.48936649133975,6.914569147891976e-99,29.07951239669421,lower_score
qa engineer,5912,university certifications,2093,0.6404903909873925,0.05528680027643396,0.5852035907109585,1429.0996021600242,0.0,50.427580028667265,higher_score
qa engineer,5912,university certifications aws,2093,0.6404903909873925,0.05528680027643396,0.5852035907109585,1429.0996021600242,0.0,50.427580028667265,higher_score
qa engineer,5912,xyz university certifications,2093,0.6404903909873925,0.05528680027643396,0.5852035907109585,1429.0996021600242,0.0,50.427580028667265,higher_score
qa engineer,5912,enterprise projects,2232,0.6660039761431208,0.0767104353835524,0.5892935407595684,1358.898232012241,1.7948401332049953e-297,49.50187275985686,higher_score
qa engineer,5912,certified scrum,2231,0.6656726308813581,0.0767104353835524,0.5889621954978057,1357.9789250338827,2.843135002649836e-297,49.499515912147245,higher_score
qa engineer,5912,achievements innovation,2230,0.6653412856195954,0.0767104353835524,0.588630850236043,1357.0596535767888,4.503618271952137e-297,49.50115022421548,higher_score
qa engineer,5912,achievements innovation excellence,2230,0.6653412856195954,0.0767104353835524,0.588630850236043,1357.0596535767888,4.503618271952137e-297,49.50115022421548,higher_score
qa engineer,5912,architect certified,2230,0.6653412856195954,0.0767104353835524,0.588630850236043,1357.0596535767888,4.503618271952137e-297,49.50115022421548,higher_score
qa engineer,5912,architect certified scrum,2230,0.6653412856195954,0.0767104353835524,0.588630850236043,1357.0596535767888,4.503618271952137e-297,49.50115022421548,higher_score
qa engineer,5912,architected built,2230,0.6653412856195954,0.0767104353835524,0.588630850236043,1357.0596535767888,4.503618271952137e-297,49.50115022421548,higher_score
qa engineer,5912,architected built scalable,2230,0.6653412856195954,0.0767104353835524,0.588630850236043,1357.0596535767888,4.503618271952137e-297,49.50115022421548,higher_score
qa engineer,5912,award best performer,2230,0.6653412856195954,0.0767104353835524,0.588630850236043,1357.0596535767888,4.503618271952137e-297,49.50115022421548,higher_score
qa engineer,5912,built scalable,2230,0.6653412856195954,0.0767104353835524,0.588630850236043,1357.0596535767888,4.503618271952137e-297,49.50115022421548,higher_score
qa engineer,5912,built scalable platforms,2230,0.6653412856195954,0.0767104353835524,0.588630850236043,1357.0596535767888,4.503618271952137e-297,49.50115022421548,higher_score
qa engineer,5912,certifications aws,2230,0.6653412856195954,0.0767104353835524,0.588630850236043,1357.0596535767888,4.503618271952137e-297,49.50115022421548,higher_score
qa engineer,5912,certifications aws certified,2230,0.6653412856195954,0.0767104353835524,0.588630850236043,1357.0596535767888,4.503618271952137e-297,49.50115022421548,higher_score
qa engineer,5912,certified scrum master,2230,0.6653412856195954,0.0767104353835524,0.588630850236043,1357.0596535767888,4.503618271952137e-297,49.50115022421548,higher_score
qa engineer,5912,developed multiple,2230,0.6653412856195954,0.0767104353835524,0.588630850236043,1357.0596535767888,4.503618271952137e-297,49.50115022421548,higher_score
qa engineer,5912,developed multiple enterprise,2230,0.6653412856195954,0.0767104353835524,0.588630850236043,1357.0596535767888,4.503618271952137e-297,49.50115022421548,higher_score
qa engineer,5912,enterprise projects architected,2230,0.6653412856195954,0.0767104353835524,0.588630850236043,1357.0596535767888,4.503618271952137e-297,49.50115022421548,higher_score
qa engineer,5912,exposure includes,2762,0.23094764744864343,0.7135452660677016,-0.4825976186190582,736.4859006356304,3.4824815467628493e-162,30.810095944967177,lower_score
qa engineer,5912,professional years,945,0.02849569251159713,0.29682100898410574,-0.2683253164725086,665.4405381248753,9.79847198058854e-147,26.9631375661376,lower_score
qa engineer,5912,demonstrate strong,2319,0.18886679920477278,0.6043538355217511,-0.41548703631697836,650.1775494026849,2.0440790239691784e-143,30.607050452781685,lower_score
qa engineer,5912,bachelor degree,2010,0.15672630881378496,0.5310988251554806,-0.3743725163416956,609.0172892657657,1.8301681430272593e-134,29.888363184080017,lower_score
qa engineer,5912,education bachelor degree,1995,0.15506958250497116,0.5276434001382037,-0.3725738176332325,607.7143982543571,3.5145822505885057e-134,29.87445112781996,lower_score
qa engineer,5912,problem solving,1623,0.11199469847581223,0.4440221147201023,-0.33202741624429005,593.2628231404708,4.888800394988042e-131,29.625773259396528,lower_score
qa engineer,5912,real time,1762,0.13021868787276408,0.47304768486522836,-0.3428289969924643,582.5952699742156,1.0222540551430377e-128,30.139526106697357,lower_score
qa engineer,5912,key technical,2265,0.1938369781312142,0.5805114029025404,-0.38667442477132624,576.5546141540939,2.1063284527487487e-127,30.85183002207534,lower_score
qa engineer,5912,key technical exposure,2265,0.1938369781312142,0.5805114029025404,-0.38667442477132624,576.5546141540939,2.1063284527487487e-127,30.85183002207534,lower_score
qa engineer,5912,technical exposure,2265,0.1938369781312142,0.5805114029025404,-0.38667442477132624,576.5546141540939,2.1063284527487487e-127,30.85183002207534,lower_score
qa engineer,5912,technical exposure includes,2265,0.1938369781312142,0.5805114029025404,-0.38667442477132624,576.5546141540939,2.1063284527487487e-127,30.85183002207534,lower_score
qa engineer,5912,cross functional,2170,0.1852220013253824,0.5566689702833297,-0.3714469689579473,555.330678311434,8.71687986217649e-123,30.76718894009259,lower_score
qa engineer,5912,strong problem,1255,0.07620941020543404,0.3541810642709025,-0.2779716540654685,537.7433632587833,5.83930226857323e-119,29.070697211155483,lower_score
qa engineer,5912,problem solving skills,1266,0.07753479125248508,0.35659986178299635,-0.27906507053051127,537.273002851236,7.390736884800172e-119,29.11588072669838,lower_score
qa engineer,5912,solving skills,1266,0.07753479125248508,0.35659986178299635,-0.27906507053051127,537.273002851236,7.390736884800172e-119,29.11588072669838,lower_score
qa engineer,5912,strong problem solving,1247,0.07587806494367128,0.3517622667588087,-0.2758842018151374,533.0954458102308,5.991305619723492e-118,29.072133119486864,lower_score
qa engineer,5912,environments key,1244,0.07554671968190851,0.3510711817553533,-0.2755244620734448,532.9883399545175,6.321537007431959e-118,29.064425241157647,lower_score
qa engineer,5912,time projects,1244,0.07554671968190851,0.3510711817553533,-0.2755244620734448,532.9883399545175,6.321537007431959e-118,29.068617363344146,lower_score
qa engineer,5912,systems demonstrated,1241,0.07521537442014575,0.3503800967518979,-0.27516472233175215,532.8825378614172,6.665615630081714e-118,29.065205479452143,lower_score
qa engineer,5912,ability adapt,1243,0.07554671968190851,0.3507256392536256,-0.2751789195717171,532.0800258226989,9.963905281026886e-118,29.065901045856894,lower_score
full stack developer,5078,university certifications,2418,0.7723354231974731,0.17695961995249385,0.5953758032449792,945.0179998370181,1.6058698866209997e-207,52.436108354011594,higher_score
full stack developer,5078,university certifications aws,2418,0.7723354231974731,0.17695961995249385,0.5953758032449792,945.0179998370181,1.6058698866209997e-207,52.436108354011594,higher_score
full stack developer,5078,xyz university certifications,2418,0.7723354231974731,0.17695961995249385,0.5953758032449792,945.0179998370181,1.6058698866209997e-207,52.436108354011594,higher_score
full stack developer,5078,role stack,1050,0.390673981191215,0.02098178939034046,0.36969219180087454,839.0836780622294,1.7171797460339196e-184,57.487623809523726,higher_score
full stack developer,5078,role stack developer,1050,0.390673981191215,0.02098178939034046,0.36969219180087454,839.0836780622294,1.7171797460339196e-184,57.487623809523726,higher_score
full stack developer,5078,stack developer experience,1050,0.390673981191215,0.02098178939034046,0.36969219180087454,839.0836780622294,1.7171797460339196e-184,57.487623809523726,higher_score
full stack developer,5078,stack developer,1071,0.3938087774294594,0.026128266033254143,0.3676805113962053,813.7027196547909,5.660757538197285e-179,57.12572829131644,higher_score
full stack developer,5078,award best performer,2575,0.7884012539184757,0.22288202692003053,0.5655192269984451,800.6293983359501,3.937482745919319e-176,51.38657475728154,higher_score
full stack developer,5078,best performer,2575,0.7884012539184757,0.22288202692003053,0.5655192269984451,800.6293983359501,3.937482745919319e-176,51.38657475728154,higher_score
full stack developer,5078,scrum master,2577,0.7887931034482563,0.2232779097387162,0.5655151937095401,799.9966215832878,5.404999439942032e-176,51.36940240589833,higher_score
full stack developer,5078,aws certified,2574,0.7880094043886952,0.22288202692003053,0.5651273774686646,799.8308808827458,5.872603367942406e-176,51.384976689976675,higher_score
full stack developer,5078,developed multiple,2574,0.7880094043886952,0.22288202692003053,0.5651273774686646,799.8308808827458,5.872603367942406e-176,51.38754273504272,higher_score
full stack developer,5078,years professional,2579,0.7891849529780368,0.22367379255740186,0.565511160420635,799.3648263415766,7.415823411701316e-176,51.36189608375338,higher_score
full stack developer,5078,award best,2576,0.7884012539184757,0.2232779097387162,0.5651233441797595,799.198486363907,8.059808542287666e-176,51.3772185559006,higher_score
full stack developer,5078,achievements innovation,2573,0.7876175548589146,0.22288202692003053,0.564735527938884,799.0325121232522,8.758113369074894e-176,51.38774970851145,higher_score
full stack developer,5078,achievements innovation excellence,2573,0.7876175548589146,0.22288202692003053,0.564735527938884,799.0325121232522,8.758113369074894e-176,51.38774970851145,higher_score
full stack developer,5078,architect certified,2573,0.7876175548589146,0.22288202692003053,0.564735527938884,799.0325121232522,8.758113369074894e-176,51.38774970851145,higher_score
full stack developer,5078,architect certified scrum,2573,0.7876175548589146,0.22288202692003053,0.564735527938884,799.0325121232522,8.758113369074894e-176,51.38774970851145,higher_score
full stack developer,5078,architected built,2573,0.7876175548589146,0.22288202692003053,0.564735527938884,799.0325121232522,8.758113369074894e-176,51.38774970851145,higher_score
full stack developer,5078,architected built scalable,2573,0.7876175548589146,0.22288202692003053,0.564735527938884,799.0325121232522,8.758113369074894e-176,51.38774970851145,higher_score
full stack developer,5078,exposure includes,1668,0.11206896551724176,0.5471100554236011,-0.43504108990635937,731.4396964531741,4.356593646744128e-161,28.95650179856112,lower_score
full stack developer,5078,key technical,1394,0.09208463949843287,0.4588281868566992,-0.3667435473582663,621.9796925648523,2.7744846699016816e-137,29.01296987087515,lower_score
full stack developer,5078,key technical exposure,1394,0.09208463949843287,0.4588281868566992,-0.3667435473582663,621.9796925648523,2.7744846699016816e-137,29.01296987087515,lower_score
full stack developer,5078,technical exposure,1394,0.09208463949843287,0.4588281868566992,-0.3667435473582663,621.9796925648523,2.7744846699016816e-137,29.01296987087515,lower_score
full stack developer,5078,technical exposure includes,1394,0.09208463949843287,0.4588281868566992,-0.3667435473582663,621.9796925648523,2.7744846699016816e-137,29.01296987087515,lower_score
full stack developer,5078,demonstrate strong,1399,0.09326018808777457,0.45961995249407056,-0.366359764406296,618.4603244046452,1.616708249525768e-136,28.941554681915633,lower_score
full stack developer,5078,bachelor degree,1374,0.11128526645768062,0.43151227236738665,-0.32022700590970604,481.10868077974385,1.2260206465415796e-106,29.75975982532747,lower_score
full stack developer,5078,strong expertise,1107,0.07523510971786852,0.3622327790973911,-0.2869976693795226,479.6485493649641,2.5481125163289037e-106,28.82590334236678,lower_score
full stack developer,5078,candidate demonstrate,1019,0.0638714733542321,0.33887569279493546,-0.27500421944070336,478.43015712931185,4.691796052660032e-106,28.727355250245356,lower_score
full stack developer,5078,education bachelor degree,1361,0.11010971786833892,0.42755344418052976,-0.31744372631219087,477.2977510020889,8.274665368054699e-106,29.749515062454044,lower_score
full stack developer,5078,real time,1025,0.0650470219435738,0.3400633412509925,-0.2750163193074187,475.6714455773572,1.8691159779736494e-105,28.442531707317094,lower_score
full stack developer,5078,expertise practical,1060,0.0709247648902823,0.3479809976247063,-0.27705623273442403,466.8141375246617,1.5813960662491296e-103,29.028674528301874,lower_score
full stack developer,5078,problem solving,941,0.05642633228840134,0.3155186064924798,-0.2590922742040785,459.868136424707,5.135551236069265e-102,27.856700318809803,lower_score
full stack developer,5078,cross functional,1432,0.12460815047021988,0.4410134600158432,-0.3164053095456233,450.6698698797561,5.156245643924386e-100,30.72183659217875,lower_score
full stack developer,5078,candidate demonstrate strong,945,0.05838557993730417,0.3151227236737941,-0.2567371437364899,449.6344911666408,8.662843882247513e-100,28.680920634920664,lower_score
full stack developer,5078,professional years,543,0.010188087774294675,0.20467141726049012,-0.19448332948619546,449.03371278725604,1.1705956667026695e-99,24.516869244935556,lower_score
full stack developer,5078,skills ability,847,0.04937304075235115,0.28543151227236746,-0.2360584715200163,424.101479394986,3.1240715130215067e-94,28.32431523022435,lower_score
full stack developer,5078,demonstrate strong expertise,970,0.06700626959247663,0.3163103721298512,-0.24930410253737456,413.0485791711518,7.953073599578219e-92,28.841608247422712,lower_score
full stack developer,5078,dynamic environments,826,0.048589341692790014,0.27790973871733937,-0.22932039702454937,410.41132749812505,2.982573446395701e-91,28.287300242130783,lower_score
full stack developer,5078,collaborating cross,708,0.03605015673981189,0.24386381631037057,-0.2078136595705587,393.2139702077758,1.6527201403792443e-87,27.045233050847475,lower_score
machine learning engineer,4268,university certifications,1471,0.5983224603914122,0.08812441093308224,0.51019804945833,805.8236556198815,2.92347416967651e-177,50.19782121006125,higher_score
machine learning engineer,4268,university certifications aws,1471,0.5983224603914122,0.08812441093308224,0.51019804945833,805.8236556198815,2.92347416967651e-177,50.19782121006125,higher_score
machine learning engineer,4268,xyz university certifications,1471,0.5983224603914122,0.08812441093308224,0.51019804945833,805.8236556198815,2.92347416967651e-177,50.19782121006125,higher_score
machine learning engineer,4268,aws certified,1626,0.6356011183597238,0.12346842601319578,0.512132692346528,734.546944189512,9.193878512367371e-162,48.88011377613783,higher_score
machine learning engineer,4268,scrum master,1626,0.6356011183597238,0.12346842601319578,0.512132692346528,734.546944189512,9.193878512367371e-162,48.87412976629774,higher_score
machine learning engineer,4268,developed multiple,1623,0.6342031686859121,0.12346842601319578,0.5107347426727163,731.8926415038902,3.472619691583326e-161,48.88564695009249,higher_score
machine learning engineer,4268,multiple enterprise,1623,0.6342031686859121,0.12346842601319578,0.5107347426727163,731.8926415038902,3.472619691583326e-161,48.884140480591576,higher_score
machine learning engineer,4268,achievements innovation,1622,0.6337371854613082,0.12346842601319578,0.5102687594481125,731.0081305359515,5.40739647311835e-161,48.88742601726271,higher_score
machine learning engineer,4268,achievements innovation excellence,1622,0.6337371854613082,0.12346842601319578,0.5102687594481125,731.0081305359515,5.40739647311835e-161,48.88742601726271,higher_score
machine learning engineer,4268,architect certified,1622,0.6337371854613082,0.12346842601319578,0.5102687594481125,731.0081305359515,5.40739647311835e-161,48.88742601726271,higher_score
machine learning engineer,4268,architect certified scrum,1622,0.6337371854613082,0.12346842601319578,0.5102687594481125,731.0081305359515,5.40739647311835e-161,48.88742601726271,higher_score
machine learning engineer,4268,architected built,1622,0.6337371854613082,0.12346842601319578,0.5102687594481125,731.0081305359515,5.40739647311835e-161,48.88742601726271,higher_score
machine learning engineer,4268,architected built scalable,1622,0.6337371854613082,0.12346842601319578,0.5102687594481125,731.0081305359515,5.40739647311835e-161,48.88742601726271,higher_score
machine learning engineer,4268,award best performer,1622,0.6337371854613082,0.12346842601319578,0.5102687594481125,731.0081305359515,5.40739647311835e-161,48.88742601726271,higher_score
machine learning engineer,4268,aws certified solutions,1622,0.6337371854613082,0.12346842601319578,0.5102687594481125,731.0081305359515,5.40739647311835e-161,48.88742601726271,higher_score
machine learning engineer,4268,best performer,1622,0.6337371854613082,0.12346842601319578,0.5102687594481125,731.0081305359515,5.40739647311835e-161,48.88742601726271,higher_score
machine learning engineer,4268,built scalable platforms,1622,0.6337371854613082,0.12346842601319578,0.5102687594481125,731.0081305359515,5.40739647311835e-161,48.88742601726271,higher_score
machine learning engineer,4268,certifications aws,1622,0.6337371854613082,0.12346842601319578,0.5102687594481125,731.0081305359515,5.40739647311835e-161,48.88742601726271,higher_score
machine learning engineer,4268,certifications aws certified,1622,0.6337371854613082,0.12346842601319578,0.5102687594481125,731.0081305359515,5.40739647311835e-161,48.88742601726271,higher_score
machine learning engineer,4268,certified scrum,1622,0.6337371854613082,0.12346842601319578,0.5102687594481125,731.0081305359515,5.40739647311835e-161,48.88742601726271,higher_score
machine learning engineer,4268,exposure includes,1770,0.21342031686859345,0.6182846371347787,-0.40486432026618524,421.71674041303964,1.0322364882998618e-93,29.684132768361557,lower_score
machine learning engineer,4268,professional years,559,0.024231127679403566,0.23892554194156335,-0.2146944142621598,375.4955376511647,1.190333596893985e-83,25.316502683363193,lower_score
machine learning engineer,4268,demonstrate strong,1486,0.17986952469711107,0.5183788878416665,-0.3385093631445555,351.1540318722919,2.375931864285466e-78,29.646056527590815,lower_score
machine learning engineer,4268,key technical,1452,0.17800559179869538,0.5042412818096224,-0.326235690010927,333.78854053117107,1.4376468261609871e-74,29.66022727272722,lower_score
machine learning engineer,4268,key technical exposure,1452,0.17800559179869538,0.5042412818096224,-0.326235690010927,333.78854053117107,1.4376468261609871e-74,29.66022727272722,lower_score
machine learning engineer,4268,technical exposure,1452,0.17800559179869538,0.5042412818096224,-0.326235690010927,333.78854053117107,1.4376468261609871e-74,29.66022727272722,lower_score
machine learning engineer,4268,technical exposure includes,1452,0.17800559179869538,0.5042412818096224,-0.326235690010927,333.78854053117107,1.4376468261609871e-74,29.66022727272722,lower_score
machine learning engineer,4268,summary fresher,391,0.012115563839701776,0.17200754005655033,-0.15989197621684856,297.74993846306756,1.0185680542442174e-66,25.382391304347866,lower_score
machine learning engineer,4268,real time,1070,0.12301957129543264,0.3798303487276195,-0.25681077743218683,280.6840993103357,5.327453718501557e-63,29.041509345794427,lower_score
machine learning engineer,4268,strong expertise,1207,0.14911463187325222,0.41800188501414326,-0.268887253140891,272.7773187700036,2.8158919217558063e-61,29.87480530240262,lower_score
machine learning engineer,4268,expertise practical,1139,0.13932898415656986,0.39585296889727145,-0.2565239847407016,263.09180953701616,3.635720638184496e-59,29.836115013169415,lower_score
machine learning engineer,4268,problem solving,1002,0.11602982292637402,0.35485391140433853,-0.2388240884779645,259.2170914821269,2.541982009820918e-58,28.875708582834374,lower_score
machine learning engineer,4268,fresher professional,297,0.0055917986952469705,0.13430725730443033,-0.12871545860918335,254.02710842403388,3.439704836759928e-57,23.93853535353538,lower_score
machine learning engineer,4268,fresher professional years,297,0.0055917986952469705,0.13430725730443033,-0.12871545860918335,254.02710842403388,3.439704836759928e-57,23.93853535353538,lower_score
machine learning engineer,4268,bachelor degree,1433,0.19850885368126794,0.4745523091423266,-0.2760434554610587,242.14963411536232,1.3365889331392234e-54,30.443946266573597,lower_score
machine learning engineer,4268,candidate demonstrate,1099,0.13746505125815417,0.37888784165881645,-0.24142279040066228,241.50934233825356,1.843341221709488e-54,29.79437215650591,lower_score
machine learning engineer,4268,education bachelor degree,1424,0.19711090400745618,0.47172478793591743,-0.27461388392846126,241.16267303924752,2.1937816884224038e-54,30.432229634831437,lower_score
machine learning engineer,4268,demonstrate strong expertise,1056,0.1318732525629071,0.3642789820923691,-0.23240572952946198,232.91895884883547,1.3765227406096521e-52,29.99873579545455,lower_score
machine learning engineer,4268,collaborating cross,736,0.07735321528424965,0.26861451460885893,-0.19126129932460928,226.33487955184341,3.755533368978667e-51,28.07475543478266,lower_score
machine learning engineer,4268,collaborating cross functional,735,0.07735321528424965,0.2681432610744574,-0.19079004579020775,225.52733219529298,5.633752114520781e-51,28.068183673469438,lower_score
data engineer,3750,university certifications,1421,0.6357333333333438,0.1221333333333328,0.513600000000011,652.6171710063336,6.024621896219487e-144,50.92847290640394,higher_score
data engineer,3750,university certifications aws,1421,0.6357333333333438,0.1221333333333328,0.513600000000011,652.6171710063336,6.024621896219487e-144,50.92847290640394,higher_score
data engineer,3750,xyz university certifications,1421,0.6357333333333438,0.1221333333333328,0.513600000000011,652.6171710063336,6.024621896219487e-144,50.92847290640394,higher_score
data engineer,3750,award best performer,1576,0.6666666666666802,0.17386666666666584,0.49280000000001434,541.736040609137,7.90244804172841e-120,49.53814403553296,higher_score
data engineer,3750,developed multiple,1576,0.6666666666666802,0.17386666666666584,0.49280000000001434,541.736040609137,7.90244804172841e-120,49.53631345177662,higher_score
data engineer,3750,award best,1578,0.6672000000000136,0.17439999999999917,0.4928000000000144,541.0494296577947,1.114632514467546e-119,49.52644486692013,higher_score
data engineer,3750,best performer,1578,0.6672000000000136,0.17439999999999917,0.4928000000000144,541.0494296577947,1.114632514467546e-119,49.51702154626106,higher_score
data engineer,3750,achievements innovation,1575,0.6661333333333468,0.17386666666666584,0.49226666666668095,540.9073015873016,1.196881810067922e-119,49.53887619047616,higher_score
data engineer,3750,achievements innovation excellence,1575,0.6661333333333468,0.17386666666666584,0.49226666666668095,540.9073015873016,1.196881810067922e-119,49.53887619047616,higher_score
data engineer,3750,architect certified,1575,0.6661333333333468,0.17386666666666584,0.49226666666668095,540.9073015873016,1.196881810067922e-119,49.53887619047616,higher_score
data engineer,3750,architect certified scrum,1575,0.6661333333333468,0.17386666666666584,0.49226666666668095,540.9073015873016,1.196881810067922e-119,49.53887619047616,higher_score
data engineer,3750,architected built,1575,0.6661333333333468,0.17386666666666584,0.49226666666668095,540.9073015873016,1.196881810067922e-119,49.53887619047616,higher_score
data engineer,3750,architected built scalable,1575,0.6661333333333468,0.17386666666666584,0.49226666666668095,540.9073015873016,1.196881810067922e-119,49.53887619047616,higher_score
data engineer,3750,aws certified,1575,0.6661333333333468,0.17386666666666584,0.49226666666668095,540.9073015873016,1.196881810067922e-119,49.53887619047616,higher_score
data engineer,3750,aws certified solutions,1575,0.6661333333333468,0.17386666666666584,0.49226666666668095,540.9073015873016,1.196881810067922e-119,49.53887619047616,higher_score
data engineer,3750,built scalable,1575,0.6661333333333468,0.17386666666666584,0.49226666666668095,540.9073015873016,1.196881810067922e-119,49.53887619047616,higher_score
data engineer,3750,built scalable platforms,1575,0.6661333333333468,0.17386666666666584,0.49226666666668095,540.9073015873016,1.196881810067922e-119,49.53887619047616,higher_score
data engineer,3750,certifications aws,1575,0.6661333333333468,0.17386666666666584,0.49226666666668095,540.9073015873016,1.196881810067922e-119,49.53887619047616,higher_score
data engineer,3750,certifications aws certified,1575,0.6661333333333468,0.17386666666666584,0.49226666666668095,540.9073015873016,1.196881810067922e-119,49.53887619047616,higher_score
data engineer,3750,certified scrum,1575,0.6661333333333468,0.17386666666666584,0.49226666666668095,540.9073015873016,1.196881810067922e-119,49.53887619047616,higher_score
data engineer,3750,exposure includes,1473,0.20106666666666567,0.5845333333333388,-0.3834666666666731,350.95790902919214,2.6214534334246795e-78,30.671228784792934,lower_score
data engineer,3750,professional years,468,0.024000000000000007,0.22559999999999886,-0.20159999999999884,305.3076923076923,2.298461031073888e-68,26.07014957264962,lower_score
data engineer,3750,key technical,1204,0.16053333333333258,0.4815999999999973,-0.3210666666666647,301.0,1.9948316047649822e-67,30.51495431893685,lower_score
data engineer,3750,key technical exposure,1204,0.16053333333333258,0.4815999999999973,-0.3210666666666647,301.0,1.9948316047649822e-67,30.51495431893685,lower_score
data engineer,3750,technical exposure,1204,0.16053333333333258,0.4815999999999973,-0.3210666666666647,301.0,1.9948316047649822e-67,30.51495431893685,lower_score
data engineer,3750,technical exposure includes,1204,0.16053333333333258,0.4815999999999973,-0.3210666666666647,301.0,1.9948316047649822e-67,30.51495431893685,lower_score
data engineer,3750,demonstrate strong,1196,0.16373333333333256,0.4741333333333307,-0.3103999999999981,283.2140468227425,1.4969719298000777e-63,30.604577759197287,lower_score
data engineer,3750,real time,920,0.11519999999999951,0.3754666666666646,-0.2602666666666651,258.8521739130435,3.052930422731977e-58,29.789255434782604,lower_score
data engineer,3750,candidate demonstrate,948,0.12373333333333279,0.3818666666666646,-0.25813333333333177,247.1054852320675,1.1104127396018872e-55,30.29267932489449,lower_score
data engineer,3750,summary fresher,321,0.01066666666666667,0.16053333333333258,-0.14986666666666593,245.98442367601245,1.9493929753628178e-55,25.899485981308423,lower_score
data engineer,3750,strong expertise,985,0.13173333333333276,0.39359999999999784,-0.2618666666666651,244.75228426395938,3.6185683902040944e-55,30.454756345177614,lower_score
data engineer,3750,bachelor degree,1183,0.17439999999999917,0.4565333333333308,-0.2821333333333316,236.5519864750634,2.2210003683199517e-53,31.263858833474142,lower_score
data engineer,3750,education bachelor degree,1174,0.17279999999999918,0.4533333333333308,-0.28053333333333164,235.6695059625213,3.459248087404214e-53,31.24656729131168,lower_score
data engineer,3750,problem solving,853,0.10879999999999955,0.34613333333333146,-0.2373333333333319,232.1512309495897,2.0239709399011327e-52,29.700726846424395,lower_score
data engineer,3750,expertise practical,927,0.12479999999999945,0.369599999999998,-0.24479999999999852,227.27184466019418,2.3459724274215624e-51,30.733802588996745,lower_score
data engineer,3750,cross functional,1256,0.19359999999999905,0.476266666666664,-0.28266666666666496,223.6464968152866,1.448834047601832e-50,32.02853503184712,lower_score
data engineer,3750,skills ability,773,0.09706666666666629,0.3151999999999983,-0.218133333333332,216.40491591203104,5.502903456680168e-49,30.035504527813746,lower_score
data engineer,3750,strong problem,617,0.0671999999999998,0.2618666666666653,-0.1946666666666655,215.92382495948135,7.007100941597334e-49,28.395510534846064,lower_score
data engineer,3750,fresher professional,264,0.006933333333333336,0.13386666666666608,-0.12693333333333273,214.56060606060606,1.389697874724944e-48,24.90804924242426,lower_score
data engineer,3750,fresher professional years,264,0.006933333333333336,0.13386666666666608,-0.12693333333333273,214.56060606060606,1.389697874724944e-48,24.90804924242426,lower_score
blockchain developer,3743,university certifications,1275,0.5599790466212661,0.11232279171210531,0.4476562549091608,550.280836916935,1.0936962230450581e-121,52.34741568627458,higher_score
blockchain developer,3743,university certifications aws,1275,0.5599790466212661,0.11232279171210531,0.4476562549091608,550.280836916935,1.0936962230450581e-121,52.34741568627458,higher_score
blockchain developer,3743,xyz university certifications,1275,0.5599790466212661,0.11232279171210531,0.4476562549091608,550.280836916935,1.0936962230450581e-121,52.34741568627458,higher_score
blockchain developer,3743,developed multiple,1427,0.5882661079099013,0.16575790621592174,0.42250820169397957,437.9772721254462,2.983129032135158e-97,50.565487035739345,higher_score
blockchain developer,3743,excellence award,1429,0.5887899423782094,0.16630316248636884,0.4224867798918405,437.3199389079024,4.14700737175314e-97,50.55779566130165,higher_score
blockchain developer,3743,achievements innovation,1426,0.5877422734415932,0.16575790621592174,0.4219843672256715,437.1982944962223,4.407676299648647e-97,50.57189340813468,higher_score
blockchain developer,3743,achievements innovation excellence,1426,0.5877422734415932,0.16575790621592174,0.4219843672256715,437.1982944962223,4.407676299648647e-97,50.57189340813468,higher_score
blockchain developer,3743,architect certified,1426,0.5877422734415932,0.16575790621592174,0.4219843672256715,437.1982944962223,4.407676299648647e-97,50.57189340813468,higher_score
blockchain developer,3743,architect certified scrum,1426,0.5877422734415932,0.16575790621592174,0.4219843672256715,437.1982944962223,4.407676299648647e-97,50.57189340813468,higher_score
blockchain developer,3743,architected built,1426,0.5877422734415932,0.16575790621592174,0.4219843672256715,437.1982944962223,4.407676299648647e-97,50.57189340813468,higher_score
blockchain developer,3743,architected built scalable,1426,0.5877422734415932,0.16575790621592174,0.4219843672256715,437.1982944962223,4.407676299648647e-97,50.57189340813468,higher_score
blockchain developer,3743,award best performer,1426,0.5877422734415932,0.16575790621592174,0.4219843672256715,437.1982944962223,4.407676299648647e-97,50.57189340813468,higher_score
blockchain developer,3743,best performer,1426,0.5877422734415932,0.16575790621592174,0.4219843672256715,437.1982944962223,4.407676299648647e-97,50.57189340813468,higher_score
blockchain developer,3743,built scalable,1426,0.5877422734415932,0.16575790621592174,0.4219843672256715,437.1982944962223,4.407676299648647e-97,50.57189340813468,higher_score
blockchain developer,3743,built scalable platforms,1426,0.5877422734415932,0.16575790621592174,0.4219843672256715,437.1982944962223,4.407676299648647e-97,50.57189340813468,higher_score
blockchain developer,3743,certified scrum,1426,0.5877422734415932,0.16575790621592174,0.4219843672256715,437.1982944962223,4.407676299648647e-97,50.57189340813468,higher_score
blockchain developer,3743,certified scrum master,1426,0.5877422734415932,0.16575790621592174,0.4219843672256715,437.1982944962223,4.407676299648647e-97,50.57189340813468,higher_score
blockchain developer,3743,developed multiple enterprise,1426,0.5877422734415932,0.16575790621592174,0.4219843672256715,437.1982944962223,4.407676299648647e-97,50.57189340813468,higher_score
blockchain developer,3743,enterprise projects architected,1426,0.5877422734415932,0.16575790621592174,0.4219843672256715,437.1982944962223,4.407676299648647e-97,50.57189340813468,higher_score
blockchain developer,3743,excellence award best,1426,0.5877422734415932,0.16575790621592174,0.4219843672256715,437.1982944962223,4.407676299648647e-97,50.57189340813468,higher_score
blockchain developer,3743,exposure includes,1552,0.22786799371398497,0.6090512540894166,-0.38118326037543165,327.7790435028495,2.927652502666593e-73,32.875956829896865,lower_score
blockchain developer,3743,professional years,507,0.033525405971712954,0.24154852780806907,-0.20802312183635613,298.8274711790116,5.932360692427712e-67,28.691232741617373,lower_score
blockchain developer,3743,demonstrate strong,1270,0.18596123624934463,0.49890948745910174,-0.3129482512097571,269.9893272927104,1.1408678005245031e-60,32.79243307086606,lower_score
blockchain developer,3743,key technical,1263,0.18543740178103663,0.4956379498364191,-0.3102005480553825,266.73931449945485,5.828773419514072e-60,32.975641330166226,lower_score
blockchain developer,3743,key technical exposure,1263,0.18543740178103663,0.4956379498364191,-0.3102005480553825,266.73931449945485,5.828773419514072e-60,32.975641330166226,lower_score
blockchain developer,3743,technical exposure,1263,0.18543740178103663,0.4956379498364191,-0.3102005480553825,266.73931449945485,5.828773419514072e-60,32.975641330166226,lower_score
blockchain developer,3743,technical exposure includes,1263,0.18543740178103663,0.4956379498364191,-0.3102005480553825,266.73931449945485,5.828773419514072e-60,32.975641330166226,lower_score
blockchain developer,3743,real time,962,0.13095861707700418,0.3882224645583398,-0.25726384748133563,240.87277082871276,2.5374876588235803e-54,31.9508316008316,lower_score
blockchain developer,3743,summary fresher,334,0.018334206390780514,0.16303162486368622,-0.1446974184729057,219.47262543650407,1.1787400625981636e-49,28.25255988023953,lower_score
blockchain developer,3743,problem solving,917,0.12781561026715615,0.3669574700109028,-0.23914185974374663,218.34694943392745,2.0747325546670316e-49,32.033042529989096,lower_score
blockchain developer,3743,expertise practical,1028,0.15191199580932435,0.4023991275899645,-0.25048713178064014,213.6894025323462,2.1526591581460278e-48,32.900826848249025,lower_score
blockchain developer,3743,candidate demonstrate,964,0.13881613410162424,0.38113413304252747,-0.24231799894090322,213.25517246834525,2.6773478042770244e-48,32.6961670124481,lower_score
blockchain developer,3743,strong expertise,1026,0.15243583027763236,0.4007633587786232,-0.24832752850099082,210.4299884569809,1.1067638336937708e-47,32.77480994152042,lower_score
blockchain developer,3743,fresher professional,265,0.010476689366160294,0.13358778625954265,-0.12311109689338236,200.2413605225277,1.849957641971884e-45,27.1100566037736,lower_score
blockchain developer,3743,fresher professional years,265,0.010476689366160294,0.13358778625954265,-0.12311109689338236,200.2413605225277,1.849957641971884e-45,27.1100566037736,lower_score
blockchain developer,3743,skills ability,798,0.11052907281299162,0.3200654307524519,-0.2095363579394603,192.6287694381092,8.482964422891171e-44,32.078226817042626,lower_score
blockchain developer,3743,candidate demonstrate strong,860,0.12467260345730811,0.3391494002181005,-0.2144767967607924,187.26966691681577,1.2540820299026478e-42,32.77254651162789,lower_score
blockchain developer,3743,dynamic environments,778,0.10843373493975955,0.31134133042529827,-0.20290759548553872,185.27732485928502,3.413939457704299e-42,32.06218508997431,lower_score
blockchain developer,3743,demonstrate strong expertise,885,0.13095861707700418,0.34623773173391287,-0.2152791146569087,183.3436134504338,9.024228381238477e-42,32.77163841807908,lower_score
blockchain developer,3743,problem solving skills,666,0.08800419067574684,0.27153762268265974,-0.1835334320069129,177.07669279982426,2.10729434604699e-40,31.424309309309315,lower_score
